Id	CpGi	DNase	H3K27ac	H3K27me3	H3K36me3	H3K4me1	H3K4me3	H3K79me2	Class
chr10_100121001_100121200	0	1	1	1	0	1	1	0	1
chr10_100121201_100121400	0	1	1	1	0	1	1	0	1
chr10_100121401_100121600	0	1	1	0	0	1	0	0	1
chr10_103210001_103210200	0	1	1	0	0	0	0	0	1
chr10_103210201_103210400	0	1	1	0	0	1	0	0	1
chr10_106699142_106699340	0	0	0	0	0	0	0	0	0
chr10_108224733_108224931	0	0	0	0	0	0	0	0	0
chr10_108955771_108955969	0	0	0	0	0	0	0	0	0
chr10_111827801_111828000	0	1	0	0	0	0	0	0	1
chr10_111828001_111828200	0	1	0	0	0	0	0	0	1
chr10_114167289_114167487	0	0	0	0	0	0	0	0	0
chr10_119029389_119029587	0	0	0	0	0	0	0	0	0
chr10_124896151_124896349	1	1	1	0	0	0	1	1	0
chr10_131338465_131338663	0	0	0	0	0	0	0	0	0
chr10_16803027_16803225	0	0	0	0	0	0	0	0	0
chr10_17258001_17258200	0	0	1	0	0	1	0	0	1
chr10_17258201_17258400	0	1	1	0	0	1	0	0	1
chr10_17258401_17258600	0	1	1	0	0	1	0	0	1
chr10_19250343_19250541	0	0	0	0	0	0	0	0	0
chr10_23370400_23370598	0	0	0	0	0	0	0	0	0
chr10_25191201_25191400	0	1	1	0	0	1	0	0	1
chr10_26223841_26224039	1	1	0	0	0	0	0	0	0
chr10_27149895_27150093	1	1	1	0	0	0	1	0	0
chr10_35675601_35675800	0	1	1	0	0	1	0	1	1
chr10_35675801_35676000	0	1	1	0	0	1	0	1	1
chr10_35676001_35676200	0	0	1	0	0	1	0	1	1
chr10_37417789_37417987	0	0	0	0	0	0	0	0	0
chr10_44699741_44699939	0	0	0	0	0	0	0	0	0
chr10_46332169_46332367	0	0	0	0	0	0	0	0	0
chr10_50121784_50121982	0	1	0	1	0	0	0	0	0
chr10_51701173_51701371	0	0	0	0	0	0	0	0	0
chr10_54220648_54220846	0	0	0	0	0	0	0	0	0
chr10_54982783_54982981	0	0	0	0	0	0	0	0	0
chr10_64462847_64463045	0	0	0	0	0	0	0	0	0
chr10_6535575_6535773	0	0	0	0	0	0	0	0	0
chr10_71649515_71649713	0	0	0	0	0	0	0	0	0
chr10_73740001_73740200	0	1	0	0	0	1	0	0	1
chr10_73740201_73740400	0	1	0	0	0	1	0	0	1
chr10_74004801_74005000	0	1	1	0	0	1	0	0	1
chr10_74005001_74005200	0	1	1	0	0	1	0	0	1
chr10_74033601_74033800	1	1	1	0	0	0	1	1	1
chr10_74033801_74034000	1	1	1	0	0	0	1	1	1
chr10_74741801_74742000	0	1	0	0	0	1	0	0	1
chr10_75408601_75408800	0	1	0	0	0	1	0	0	1
chr10_75408801_75409000	0	1	0	0	0	1	0	0	1
chr10_75409001_75409200	0	1	0	0	0	1	0	0	1
chr10_75415701_75415899	0	1	0	0	0	0	0	0	0
chr10_75716201_75716400	0	1	1	0	0	1	1	0	1
chr10_75716401_75716600	0	1	1	0	0	1	1	0	1
chr10_75716601_75716800	0	1	1	0	0	1	1	0	1
chr10_75827401_75827600	0	0	0	0	0	1	0	0	1
chr10_75827601_75827800	0	0	0	0	0	1	0	0	1
chr10_76613801_76614000	0	1	1	0	0	1	0	0	1
chr10_76614001_76614200	0	1	0	0	0	1	0	0	1
chr10_7929201_7929400	0	0	0	0	0	1	0	0	1
chr10_7929401_7929600	0	1	0	0	0	1	0	0	1
chr10_7929601_7929800	0	1	0	0	0	1	0	0	1
chr10_79389419_79389617	0	0	0	0	0	0	0	0	0
chr10_79669401_79669600	0	1	1	0	0	1	0	1	1
chr10_79669601_79669800	0	1	1	0	0	1	1	0	1
chr10_79669801_79670000	0	1	1	0	0	1	1	0	1
chr10_84067941_84068139	0	0	0	0	0	0	0	0	0
chr10_86554824_86555022	0	0	0	0	0	0	0	0	0
chr10_99475545_99475743	0	0	0	0	0	1	0	0	0
chr10_99599801_99600000	0	1	1	0	0	1	0	0	1
chr10_99600001_99600200	0	1	1	0	0	1	0	0	1
chr10_99600201_99600400	0	1	1	0	0	1	0	0	1
chr10_99996601_99996800	0	1	1	0	0	1	0	0	1
chr10_99996801_99997000	0	1	1	0	0	1	0	0	1
chr1_101767210_101767408	0	0	0	0	0	0	0	0	0
chr11_102746397_102746595	0	0	0	0	0	0	0	0	0
chr11_103411664_103411862	0	0	0	0	0	0	0	0	0
chr11_103940485_103940683	0	0	0	0	0	0	0	0	0
chr11_10880921_10881119	0	0	1	0	0	0	0	1	0
chr11_111867183_111867381	0	0	0	0	1	0	0	0	0
chr11_114577732_114577930	0	0	0	0	0	0	0	0	0
chr1_111459601_111459800	0	1	1	0	0	1	0	0	1
chr11_118481801_118482000	1	1	0	0	0	1	0	0	1
chr11_118482001_118482200	0	1	0	0	0	1	0	0	1
chr11_118482201_118482400	0	1	0	0	0	0	0	0	1
chr11_126871857_126872055	0	0	0	0	0	0	0	0	0
chr1_113334801_113335000	0	1	0	0	0	1	0	0	1
chr1_113335001_113335200	0	1	0	0	0	0	0	0	1
chr11_13952649_13952847	0	0	0	0	0	0	0	0	0
chr11_14671200_14671398	0	0	0	0	1	1	0	1	0
chr1_114889001_114889200	0	1	0	0	0	0	1	0	1
chr1_114889201_114889400	0	1	0	0	0	1	1	0	1
chr1_114889401_114889600	0	1	0	0	0	1	0	0	1
chr1_116189172_116189370	0	0	1	0	0	1	0	1	0
chr1_116243569_116243767	0	0	1	0	0	0	0	0	0
chr1_116300523_116300721	0	0	0	0	0	0	0	0	0
chr11_16380801_16381000	0	0	1	0	0	1	0	0	1
chr11_16381001_16381200	0	0	1	0	0	0	0	0	1
chr11_16381201_16381400	0	0	1	0	0	1	0	0	1
chr1_117221401_117221600	0	0	1	0	0	1	0	0	1
chr1_117300601_117300800	0	1	0	0	0	0	0	0	1
chr1_117300801_117301000	0	1	1	0	0	0	0	0	1
chr1_117554686_117554884	0	0	0	0	0	0	0	0	0
chr11_19996401_19996600	0	1	1	0	0	1	0	0	1
chr11_19996601_19996800	0	1	1	0	0	1	0	0	1
chr11_2004874_2005072	0	0	0	0	0	0	0	0	0
chr1_12068568_12068766	0	0	0	0	0	0	0	0	0
chr1_12389620_12389818	0	0	0	0	1	0	0	0	0
chr11_2446544_2446742	0	0	0	1	0	0	0	0	0
chr1_12556401_12556600	0	1	1	0	0	1	0	0	1
chr11_2749320_2749518	0	0	0	0	0	0	0	0	0
chr1_13112641_13112839	0	0	0	0	0	0	0	0	0
chr11_3126780_3126978	0	0	0	0	0	0	0	0	0
chr11_32889826_32890024	0	0	0	0	0	0	0	0	0
chr11_36171201_36171400	0	1	1	0	0	1	0	0	1
chr11_36171401_36171600	0	1	1	0	0	1	0	0	1
chr11_36171601_36171800	0	1	1	0	0	1	0	0	1
chr11_36959665_36959863	0	0	0	0	0	0	0	0	0
chr1_145427401_145427600	0	1	0	0	0	0	0	0	1
chr1_146406333_146406531	0	0	0	0	0	0	0	0	0
chr11_4786510_4786708	0	0	0	0	0	0	0	0	0
chr11_48482214_48482412	0	0	0	0	0	0	0	0	0
chr1_151015536_151015734	0	0	0	0	0	0	0	0	0
chr1_151545148_151545346	0	0	0	0	0	0	0	0	0
chr11_5526601_5526800	0	1	1	0	0	0	1	1	1
chr11_5526801_5527000	0	1	1	0	0	0	1	1	1
chr11_5527001_5527200	0	1	0	0	0	1	0	0	1
chr1_156042130_156042328	0	0	0	0	0	0	0	0	0
chr1_156603297_156603495	0	0	0	0	0	0	0	0	0
chr1_15685201_15685400	0	1	0	0	0	1	0	0	1
chr1_15685401_15685600	0	1	0	0	0	1	0	0	1
chr1_15685601_15685800	0	1	0	0	0	1	0	0	1
chr11_60642711_60642909	0	0	0	0	0	0	0	0	0
chr11_60931801_60932000	0	1	1	0	0	1	0	0	1
chr1_161075273_161075471	0	0	0	0	0	0	0	0	0
chr11_61659223_61659421	1	1	0	0	0	0	1	0	0
chr1_16173601_16173800	0	1	1	0	0	0	1	1	1
chr11_62369092_62369290	1	1	1	0	0	0	1	1	0
chr11_62559401_62559600	1	1	1	0	0	0	1	1	1
chr11_62761598_62761796	0	0	0	0	0	0	0	0	0
chr11_63932789_63932987	0	1	1	0	0	1	1	1	0
chr11_6418769_6418967	0	0	0	0	0	0	0	0	0
chr11_64877251_64877449	0	1	0	0	0	0	0	0	0
chr1_16575201_16575400	0	1	1	0	0	1	0	0	1
chr1_16575401_16575600	0	1	1	0	0	1	0	0	1
chr1_166136167_166136365	1	1	0	0	0	0	1	0	0
chr11_66983283_66983481	0	0	0	0	0	0	0	0	0
chr1_16816141_16816339	0	0	0	0	0	0	0	0	0
chr1_168250801_168251000	0	1	0	0	0	1	0	0	1
chr1_168251001_168251200	0	1	0	0	0	1	0	0	1
chr1_168251201_168251400	0	0	0	0	0	1	0	0	1
chr11_6885577_6885775	0	0	0	0	0	0	0	0	0
chr11_69720401_69720600	0	1	0	0	0	1	0	0	1
chr11_70405983_70406181	0	0	0	0	0	0	0	0	0
chr1_171153536_171153734	0	0	0	0	0	0	0	0	0
chr11_71804625_71804823	0	0	0	0	0	0	0	0	0
chr1_172128381_172128579	0	0	0	0	0	0	0	0	0
chr11_72436401_72436600	0	1	0	0	0	1	0	1	1
chr11_72436601_72436800	0	1	0	0	0	1	0	0	1
chr1_174846201_174846400	0	1	1	0	0	0	0	0	1
chr1_174846401_174846600	0	1	1	0	0	0	1	0	1
chr1_174846601_174846800	0	1	1	0	0	0	1	0	1
chr1_175379001_175379200	0	1	1	0	0	0	0	0	1
chr1_175379201_175379400	0	1	1	0	0	1	0	0	1
chr11_76764694_76764892	0	0	0	0	0	1	0	0	0
chr1_180532001_180532200	0	1	1	0	0	1	0	0	1
chr1_180532201_180532400	0	1	1	0	0	1	0	0	1
chr1_181279560_181279758	0	0	0	0	0	0	0	0	0
chr1_181319075_181319273	0	1	0	0	0	0	0	0	0
chr11_85826361_85826559	0	0	0	0	0	0	0	0	0
chr1_188545729_188545927	0	0	0	0	0	0	0	0	0
chr11_90125656_90125854	0	0	0	0	0	0	0	0	0
chr11_93439802_93440000	0	0	0	0	0	0	0	0	0
chr11_94457578_94457776	0	0	0	0	0	0	0	0	0
chr11_96688401_96688600	0	0	0	0	0	1	0	0	1
chr11_96688601_96688800	0	0	0	0	0	1	0	0	1
chr11_96688801_96689000	0	0	0	0	0	0	0	0	1
chr1_203642951_203643149	0	1	1	0	0	1	0	0	0
chr1_204485934_204486132	0	1	1	0	0	0	1	1	0
chr1_206756101_206756299	0	0	0	0	0	0	0	0	0
chr1_206756593_206756791	0	0	0	0	0	0	0	0	0
chr1_207356877_207357075	0	0	0	0	0	0	0	0	0
chr1_207484601_207484800	0	1	0	0	0	1	0	0	1
chr1_207484801_207485000	0	1	0	0	0	1	0	0	1
chr1_208913935_208914133	0	0	0	0	0	0	0	0	0
chr1_20977208_20977406	0	0	0	0	0	0	0	0	0
chr12_105764072_105764270	0	0	0	0	0	0	0	0	0
chr12_10710978_10711176	0	0	0	0	0	0	0	0	0
chr12_108545108_108545306	0	0	0	0	0	0	0	0	0
chr12_111136401_111136600	0	1	1	0	0	1	0	0	1
chr12_111136601_111136800	0	1	1	0	0	0	0	0	1
chr12_112322616_112322814	0	0	0	0	0	0	0	0	0
chr12_114101201_114101400	0	1	0	0	0	1	0	0	1
chr12_114101401_114101600	0	1	0	0	0	1	0	0	1
chr12_114427897_114428095	0	0	0	0	0	0	0	0	0
chr12_115122198_115122396	1	1	0	0	0	0	1	0	0
chr12_118462414_118462612	0	0	0	0	1	0	0	0	0
chr12_118963837_118964035	0	0	0	0	0	0	0	0	0
chr12_121173922_121174120	0	0	0	0	0	0	0	0	0
chr12_12912876_12913074	0	0	0	0	0	0	0	0	0
chr12_133758821_133759019	0	0	0	0	0	0	1	0	0
chr1_214935119_214935317	0	0	0	0	0	0	0	0	0
chr12_1548801_1549000	0	1	1	0	0	1	0	0	1
chr12_1549001_1549200	0	1	1	0	0	1	0	0	1
chr1_21892528_21892726	0	0	0	1	0	0	0	0	0
chr12_19751199_19751397	0	0	0	0	0	0	0	0	0
chr1_220218601_220218800	0	1	1	0	1	0	1	1	1
chr1_220218801_220219000	0	1	1	0	0	0	1	1	1
chr1_220219001_220219200	0	0	1	0	0	0	1	1	1
chr12_2119566_2119764	0	0	0	0	0	0	0	0	0
chr1_223067918_223068116	0	0	0	0	0	0	0	0	0
chr1_223316001_223316200	1	1	1	0	0	1	1	0	1
chr1_223316201_223316400	1	1	1	0	0	0	1	0	1
chr1_223316401_223316600	1	1	0	0	0	0	1	0	1
chr1_22436983_22437181	0	1	0	0	0	0	0	0	0
chr12_25103201_25103400	0	1	1	0	0	1	0	0	1
chr12_25103401_25103600	0	1	1	0	0	1	0	0	1
chr1_226103627_226103825	0	0	0	0	0	0	0	0	0
chr1_231189401_231189600	0	1	1	0	0	1	0	0	1
chr1_231189601_231189800	0	1	1	0	0	1	0	0	1
chr1_233845801_233846000	0	1	0	0	0	1	0	0	1
chr1_233846001_233846200	0	1	0	0	0	1	0	0	1
chr1_234415455_234415653	0	0	0	0	0	0	0	0	0
chr1_234449289_234449487	0	0	0	0	0	0	0	0	0
chr1_234807001_234807200	0	1	1	0	0	1	0	0	1
chr1_234807201_234807400	0	1	1	0	0	1	0	0	1
chr1_238054683_238054881	0	0	0	0	0	0	0	0	0
chr1_241305224_241305422	0	0	0	0	0	0	0	0	0
chr12_4403353_4403551	0	0	0	0	0	0	0	0	0
chr1_247267166_247267364	1	1	1	0	0	0	1	1	0
chr12_50779564_50779762	0	0	0	0	0	0	0	0	0
chr12_51783201_51783400	0	1	1	0	0	1	0	0	1
chr1_2520519_2520717	0	0	0	0	0	0	0	0	0
chr12_53285573_53285771	0	0	0	0	0	0	0	0	0
chr12_53890044_53890242	0	1	0	0	0	1	0	0	0
chr12_54522161_54522359	0	0	0	1	0	0	0	0	0
chr1_25842146_25842344	0	0	0	0	0	0	0	0	0
chr1_25918486_25918684	0	0	0	0	0	0	0	0	0
chr12_59328216_59328414	0	0	0	0	0	0	0	0	0
chr1_26450001_26450200	0	1	1	0	0	1	0	1	1
chr1_26450201_26450400	0	1	1	0	1	0	0	1	1
chr12_65180212_65180410	0	0	0	0	0	0	0	0	0
chr1_26713801_26714000	0	1	0	0	0	0	0	0	1
chr1_26714001_26714200	0	1	0	0	0	0	0	0	1
chr1_26714201_26714400	0	0	0	0	0	0	0	0	1
chr12_67512156_67512354	0	0	0	0	0	0	0	0	0
chr12_69498141_69498339	0	0	0	0	0	0	0	0	0
chr12_69780697_69780895	0	0	0	0	1	0	0	0	0
chr12_7014032_7014230	0	1	1	0	0	0	1	0	0
chr12_72144372_72144570	0	0	0	0	0	0	0	0	0
chr12_72619749_72619947	0	0	0	0	0	0	0	0	0
chr12_76574401_76574600	0	1	0	0	0	1	0	0	1
chr12_76574601_76574800	0	1	0	0	0	1	0	0	1
chr12_76574801_76575000	0	0	0	0	0	1	0	0	1
chr1_27988332_27988530	0	0	0	0	0	0	0	0	0
chr12_83940249_83940447	0	0	0	0	0	0	0	0	0
chr12_90073401_90073600	0	1	1	0	0	1	0	1	1
chr12_90073601_90073800	0	1	1	0	0	1	0	1	1
chr12_93481001_93481200	0	0	1	0	0	1	0	0	1
chr12_93481201_93481400	0	0	1	0	0	1	0	0	1
chr12_93481401_93481600	0	0	1	0	0	1	0	0	1
chr13_109818730_109818928	0	0	0	0	0	0	0	0	0
chr13_112528327_112528525	0	0	0	0	0	0	0	0	0
chr1_32465661_32465859	0	0	0	0	0	0	0	0	0
chr1_32688769_32688967	0	0	1	0	0	1	1	1	0
chr1_32758156_32758354	0	1	1	0	0	0	1	1	0
chr13_30030601_30030800	0	1	1	0	0	0	0	0	1
chr13_30030801_30031000	0	1	1	0	0	0	0	0	1
chr13_36046412_36046610	0	0	0	0	0	0	0	0	0
chr13_36920437_36920635	1	1	1	0	0	0	1	1	0
chr13_46652816_46653014	0	0	0	0	0	0	0	0	0
chr13_47313783_47313981	0	0	0	0	0	0	0	0	0
chr13_50735201_50735400	0	1	0	0	0	1	0	0	1
chr13_50735401_50735600	0	1	0	0	0	1	0	0	1
chr13_50985401_50985600	0	1	1	0	0	1	0	0	1
chr13_50985601_50985800	0	1	1	0	0	1	0	0	1
chr13_50985801_50986000	0	1	0	0	0	1	0	0	1
chr13_52535706_52535904	0	0	0	0	0	0	0	0	0
chr13_53469811_53470009	0	0	0	0	0	0	0	0	0
chr13_58151812_58152010	0	0	0	0	0	0	0	0	0
chr1_35965201_35965400	0	1	0	0	0	1	0	0	1
chr1_35965401_35965600	0	1	0	0	0	1	0	0	1
chr1_35965601_35965800	0	1	0	0	0	1	0	0	1
chr13_63407259_63407457	0	0	0	0	0	0	0	0	0
chr13_78374258_78374456	0	0	0	0	0	0	0	0	0
chr1_37966514_37966712	0	1	0	0	1	0	0	0	0
chr13_90022712_90022910	0	0	0	0	0	0	0	0	0
chr14_106650353_106650551	0	0	0	0	0	0	0	0	0
chr1_41440601_41440800	0	1	0	0	0	1	0	0	1
chr1_41440801_41441000	0	1	0	0	0	1	0	0	1
chr14_21267401_21267600	0	1	1	0	0	1	1	0	1
chr14_21267601_21267800	0	1	1	0	0	0	0	0	1
chr1_42305292_42305490	0	0	0	0	0	0	0	0	0
chr14_23476401_23476600	1	1	1	0	0	1	1	0	1
chr14_24451184_24451382	0	0	0	0	0	0	0	0	0
chr1_43147362_43147560	1	1	1	0	0	0	1	1	0
chr14_33583133_33583331	0	0	0	0	0	0	0	0	0
chr14_43778754_43778952	0	0	0	0	0	0	0	0	0
chr14_46091861_46092059	0	0	0	0	0	0	0	0	0
chr14_55515676_55515874	0	0	0	0	0	0	0	0	0
chr14_65060668_65060866	0	0	0	0	0	0	0	0	0
chr14_67869118_67869316	0	0	0	0	0	0	0	0	0
chr14_68227661_68227859	0	0	0	0	0	0	0	0	0
chr14_69914274_69914472	0	0	0	0	0	0	0	0	0
chr14_70325100_70325298	0	0	0	0	0	0	0	0	0
chr14_75201801_75202000	0	1	0	0	0	0	0	0	1
chr14_75202001_75202200	0	0	0	0	0	0	0	0	1
chr14_78709436_78709634	0	0	0	0	0	0	0	0	0
chr14_79332487_79332685	0	0	0	0	0	0	0	0	0
chr14_81605305_81605503	0	0	0	0	0	0	0	0	0
chr14_81770601_81770800	0	1	1	0	0	1	0	0	1
chr14_89273500_89273698	0	0	0	0	0	0	0	0	0
chr1_49014319_49014517	0	0	0	0	0	0	0	0	0
chr14_91768530_91768728	0	0	0	0	0	0	0	0	0
chr14_95508103_95508301	0	1	0	0	0	0	0	0	0
chr14_96253061_96253259	0	0	0	0	0	0	0	0	0
chr14_97611072_97611270	0	0	0	0	0	0	0	0	0
chr1_51393667_51393865	0	0	0	0	0	0	0	1	0
chr1_52195110_52195308	1	1	1	0	0	0	1	0	0
chr15_25317062_25317260	0	0	0	0	0	0	0	0	0
chr1_52732943_52733141	0	0	0	0	0	0	0	0	0
chr1_53704715_53704913	0	1	1	0	0	1	1	0	0
chr15_41222601_41222800	1	1	0	0	0	1	1	0	1
chr15_41222801_41223000	1	1	0	0	0	0	1	0	1
chr15_41223001_41223200	1	1	0	0	0	1	1	0	1
chr15_44084950_44085148	1	1	1	0	0	0	1	1	0
chr15_47910146_47910344	0	0	0	0	0	0	0	0	0
chr15_50229954_50230152	0	0	0	0	0	0	0	0	0
chr15_51267316_51267514	0	0	0	0	0	0	0	0	0
chr15_52648192_52648390	0	0	0	0	0	0	0	0	0
chr1_55374696_55374894	0	0	0	0	0	0	0	0	0
chr15_58838801_58839000	0	1	1	0	0	1	0	0	1
chr15_58839001_58839200	0	1	1	0	0	1	0	0	1
chr15_61067253_61067451	0	0	0	0	0	0	0	0	0
chr15_61158722_61158920	0	0	0	0	0	0	0	0	0
chr15_62006759_62006957	0	0	0	0	0	0	0	0	0
chr15_65830091_65830289	0	0	0	0	0	0	0	0	0
chr15_67790933_67791131	0	0	0	0	0	0	0	0	0
chr15_73797201_73797400	0	0	0	0	0	1	0	0	1
chr15_73797401_73797600	0	0	1	0	0	1	0	0	1
chr15_76124001_76124200	0	1	1	0	0	1	0	0	1
chr15_76124201_76124400	0	1	1	0	0	1	0	0	1
chr15_76194601_76194800	0	1	1	0	0	1	0	0	1
chr15_76194801_76195000	0	1	0	0	0	1	0	0	1
chr15_76552165_76552363	0	0	0	0	0	0	0	0	0
chr15_79103774_79103972	1	1	0	0	0	0	1	0	0
chr15_81456801_81457000	0	1	1	0	0	1	0	0	1
chr15_81457001_81457200	0	1	1	0	0	1	0	0	1
chr15_83683425_83683623	0	1	0	0	0	1	0	0	0
chr15_93334089_93334287	0	0	0	0	0	0	0	0	0
chr15_95365314_95365512	0	0	0	0	0	0	0	0	0
chr1_59753601_59753800	0	0	0	0	0	1	0	0	1
chr1_59753801_59754000	0	0	0	0	0	1	0	0	1
chr1_59754001_59754200	0	0	0	0	0	1	0	0	1
chr15_98619801_98620000	0	1	1	0	0	0	0	0	1
chr15_98620001_98620200	0	1	1	0	0	1	1	0	1
chr16_12938891_12939089	0	0	0	0	0	0	0	0	0
chr1_61515601_61515800	0	1	1	0	0	1	1	0	1
chr1_61515801_61516000	1	1	1	0	0	0	1	0	1
chr16_16103091_16103289	0	0	0	0	0	0	0	0	0
chr16_18510913_18511111	0	0	0	0	0	0	0	0	0
chr16_20587265_20587463	0	0	0	0	0	0	0	0	0
chr16_21519922_21520120	0	0	0	0	0	0	0	0	0
chr16_21773630_21773828	0	0	0	0	0	0	0	0	0
chr16_23489627_23489825	0	0	0	0	1	0	0	0	0
chr16_2872229_2872427	0	1	0	0	0	0	0	0	0
chr16_29474767_29474965	0	0	0	0	0	0	0	0	0
chr1_63963110_63963308	0	0	0	0	1	0	0	0	0
chr16_4298010_4298208	0	0	0	0	0	0	0	0	0
chr1_64396627_64396825	0	0	0	0	0	0	0	0	0
chr16_49855886_49856084	0	0	0	0	0	0	0	0	0
chr16_51917746_51917944	0	0	0	0	0	0	0	0	0
chr1_65364201_65364400	0	1	1	0	0	1	0	0	1
chr16_5636746_5636944	0	0	0	0	0	0	0	0	0
chr16_56658708_56658906	0	0	0	0	0	0	0	0	0
chr16_58873620_58873818	0	0	0	0	0	0	0	0	0
chr16_60230036_60230234	0	0	0	0	0	0	0	0	0
chr16_65742763_65742961	0	0	0	0	0	0	0	0	0
chr1_67171425_67171623	0	0	0	0	0	0	0	0	0
chr16_71906331_71906529	0	0	0	0	0	0	0	0	0
chr16_75253215_75253413	0	0	0	0	0	0	0	0	0
chr16_78902790_78902988	0	0	0	0	0	0	0	0	0
chr16_81656880_81657078	0	1	0	0	0	0	0	0	0
chr16_86004836_86005034	0	0	0	0	0	0	0	0	0
chr16_89063971_89064169	0	0	0	0	0	0	0	0	0
chr16_89173250_89173448	0	0	0	0	1	0	0	0	0
chr16_89893217_89893415	0	0	0	0	0	0	0	0	0
chr17_10321967_10322165	0	0	0	0	0	0	0	0	0
chr17_15859401_15859600	0	1	1	0	0	1	0	1	1
chr17_15859601_15859800	0	1	1	0	0	1	0	1	1
chr17_15859801_15860000	0	1	1	0	0	1	0	0	1
chr17_16108969_16109167	0	0	0	0	0	0	0	0	0
chr17_17714704_17714902	0	1	0	0	0	0	0	0	0
chr17_18376165_18376363	0	0	0	0	0	0	0	0	0
chr17_18896976_18897174	0	0	0	0	0	0	0	0	0
chr17_19880953_19881151	1	1	1	0	0	0	1	1	0
chr17_26653968_26654166	0	1	0	0	1	0	0	0	0
chr17_28038001_28038200	0	1	0	0	0	1	0	0	1
chr17_28902603_28902801	0	1	0	0	0	0	0	0	0
chr17_35624248_35624446	0	0	0	0	1	0	0	0	0
chr17_40683601_40683800	0	1	0	0	0	1	0	0	1
chr17_45439610_45439808	0	1	0	0	0	0	0	0	0
chr17_46430619_46430817	0	0	0	0	0	0	0	0	0
chr17_47081763_47081961	0	1	0	0	1	1	0	1	0
chr17_4812001_4812200	0	1	0	0	0	1	0	0	1
chr17_4812201_4812400	0	1	0	0	0	1	0	0	1
chr17_53667217_53667415	0	0	0	0	0	0	0	0	0
chr17_59534663_59534861	1	0	0	0	0	0	0	0	0
chr17_61847601_61847800	0	1	1	0	0	1	1	1	1
chr17_61847801_61848000	0	1	1	0	0	1	0	1	1
chr17_62208528_62208726	0	0	0	0	0	0	0	0	0
chr17_64047704_64047902	0	0	0	0	0	0	0	0	0
chr17_64344601_64344800	0	1	1	0	0	1	0	1	1
chr17_64344801_64345000	0	1	1	0	0	1	0	0	1
chr17_64345001_64345200	0	1	1	0	0	1	0	1	1
chr17_66031905_66032103	1	1	1	0	0	0	1	1	0
chr17_71304201_71304400	0	1	1	0	0	1	1	1	1
chr17_71304401_71304600	0	1	1	0	0	1	1	1	1
chr17_71304601_71304800	0	1	1	0	0	1	1	1	1
chr17_71306801_71307000	1	1	1	0	0	0	1	1	1
chr17_71307001_71307200	1	1	1	0	0	0	1	0	1
chr17_73120201_73120400	0	1	1	0	0	1	0	0	1
chr17_73120401_73120600	0	1	1	0	0	1	0	0	1
chr17_7388001_7388200	1	1	1	0	0	0	1	1	1
chr1_77546957_77547155	0	0	0	0	0	0	0	0	0
chr17_75490369_75490567	0	0	0	0	0	0	0	0	0
chr17_760360_760558	0	0	0	0	0	0	0	0	0
chr17_76781001_76781200	0	1	1	0	0	1	0	0	1
chr17_76781201_76781400	0	1	1	0	0	1	0	0	1
chr17_77795801_77796000	0	0	0	0	0	0	0	0	1
chr17_77796001_77796200	0	0	0	0	0	0	0	0	1
chr17_78974968_78975166	0	1	0	0	0	0	0	0	0
chr17_8013817_8014015	0	1	0	0	0	1	0	0	0
chr17_81102304_81102502	0	1	0	0	0	0	0	0	0
chr17_8259797_8259995	0	0	0	0	0	0	0	0	0
chr17_8917548_8917746	0	0	0	0	0	0	0	0	0
chr18_10119129_10119327	0	0	0	0	0	0	0	0	0
chr18_10810357_10810555	0	0	0	0	0	0	0	0	0
chr18_19934330_19934528	0	0	0	0	0	0	0	0	0
chr18_20137201_20137400	0	1	0	0	0	1	0	0	1
chr18_20137401_20137600	0	1	1	0	0	1	0	0	1
chr18_23144090_23144288	0	0	0	0	0	0	0	0	0
chr18_27528886_27529084	0	0	0	0	0	0	0	0	0
chr18_50019559_50019757	0	0	0	0	0	0	0	0	0
chr18_55761773_55761971	0	0	0	0	0	0	0	0	0
chr18_60897832_60898030	0	0	0	0	0	0	0	0	0
chr18_63804448_63804646	0	0	0	0	0	0	0	0	0
chr18_6715229_6715427	0	0	0	0	0	0	0	0	0
chr18_68814060_68814258	0	0	0	0	0	0	0	0	0
chr18_841801_842000	0	1	1	0	0	0	1	0	1
chr18_8891001_8891200	0	1	1	0	0	1	0	0	1
chr18_8891201_8891400	0	1	1	0	0	1	0	0	1
chr18_9573764_9573962	0	0	0	0	0	0	0	0	0
chr18_9575401_9575600	0	1	0	0	1	0	0	0	1
chr18_9575601_9575800	0	1	0	0	0	0	0	0	1
chr18_9575801_9576000	0	1	0	0	0	0	0	0	1
chr18_9608201_9608400	0	0	1	0	0	1	0	1	1
chr18_9608401_9608600	0	1	1	0	0	1	0	1	1
chr18_987601_987800	0	1	0	0	0	1	0	0	1
chr18_987801_988000	0	1	0	0	0	1	0	0	1
chr1_90372201_90372400	0	1	1	0	0	1	0	1	1
chr1_90372401_90372600	0	1	1	0	0	1	0	1	1
chr1_90372601_90372800	0	1	1	0	0	1	0	1	1
chr19_14685001_14685200	0	1	0	0	0	0	0	0	1
chr19_14685201_14685400	0	1	0	0	0	0	0	0	1
chr19_14685401_14685600	0	1	0	0	0	0	0	0	1
chr19_16426801_16427000	0	1	0	0	0	1	0	0	1
chr19_16427001_16427200	0	1	0	0	0	1	0	0	1
chr19_18745788_18745986	0	0	0	1	0	1	0	0	0
chr19_18900978_18901176	1	1	0	0	0	0	0	0	0
chr19_1905167_1905365	1	1	1	0	0	0	1	0	0
chr19_19477401_19477600	0	1	1	0	0	1	1	0	1
chr19_19477601_19477800	0	1	1	0	0	1	1	0	1
chr19_19477801_19478000	0	1	0	0	0	0	0	0	1
chr19_2171801_2172000	0	1	0	0	0	1	0	1	1
chr19_2172001_2172200	0	1	0	0	0	1	0	1	1
chr19_21775801_21776000	0	1	1	0	0	1	0	0	1
chr19_21776001_21776200	0	1	1	0	0	1	0	0	1
chr1_92296180_92296378	0	0	0	0	0	0	0	0	0
chr1_9305900_9306098	0	0	0	0	0	0	0	0	0
chr1_93368006_93368204	0	1	0	0	0	0	0	0	0
chr19_33768809_33769007	0	0	0	0	0	0	0	0	0
chr19_33839546_33839744	0	0	0	0	0	1	0	0	0
chr19_35466801_35467000	0	1	0	0	0	1	0	0	1
chr19_35467001_35467200	0	1	0	0	0	1	0	0	1
chr19_35763640_35763838	0	0	0	0	0	0	0	0	0
chr19_35770698_35770896	0	0	0	0	0	0	0	0	0
chr19_36120476_36120674	0	0	1	0	0	1	1	1	0
chr19_38658044_38658242	0	0	0	0	0	0	0	0	0
chr1_93970001_93970200	0	1	1	0	0	0	0	0	1
chr1_93970201_93970400	0	1	1	0	0	0	0	0	1
chr19_40882417_40882615	0	0	0	0	0	0	0	0	0
chr19_42584963_42585161	1	0	0	0	0	0	0	0	0
chr19_43626815_43627013	0	0	0	0	0	0	0	0	0
chr19_46284199_46284397	0	0	0	1	0	1	0	0	0
chr19_48972883_48973081	1	1	1	0	0	0	1	1	0
chr19_50303379_50303577	1	0	0	0	0	0	0	0	0
chr19_50454459_50454657	0	0	0	0	0	0	0	0	0
chr19_50870214_50870412	0	1	0	0	0	0	0	0	0
chr19_51857193_51857391	0	0	0	0	0	0	0	0	0
chr19_51971318_51971516	0	1	1	0	0	0	1	1	0
chr19_5718601_5718800	0	1	1	0	0	0	1	1	1
chr19_5718801_5719000	0	1	1	0	0	0	1	1	1
chr19_5719001_5719200	0	1	1	0	0	0	1	1	1
chr19_7919179_7919377	0	1	0	0	0	0	0	0	0
chr1_98855039_98855237	0	0	0	0	0	0	0	0	0
chr1_99709606_99709804	0	0	0	0	0	0	0	0	0
chr20_12401832_12402030	0	0	0	0	0	0	0	0	0
chr20_15151968_15152166	0	0	0	0	0	0	0	0	0
chr20_20768492_20768690	0	0	0	0	0	0	0	0	0
chr20_23932433_23932631	0	0	0	0	0	0	0	0	0
chr20_25291001_25291200	0	1	1	0	0	1	0	0	1
chr20_30747601_30747800	0	1	1	1	1	1	0	0	1
chr20_30747801_30748000	0	1	1	1	0	1	0	0	1
chr20_30748001_30748200	0	1	1	0	0	1	0	0	1
chr20_30991801_30992000	0	1	1	0	0	1	0	1	1
chr20_30992001_30992200	0	1	1	0	0	1	0	1	1
chr20_30992201_30992400	0	0	0	0	0	1	0	1	1
chr20_39316940_39317138	1	0	0	0	0	0	0	0	0
chr20_44261278_44261476	0	0	0	0	0	0	0	0	0
chr20_49562815_49563013	0	0	0	0	1	0	0	0	0
chr20_51093357_51093555	0	0	0	0	0	0	0	0	0
chr20_54608552_54608750	0	0	0	0	0	0	0	0	0
chr20_58196321_58196519	0	0	0	0	0	0	0	0	0
chr20_60116227_60116425	0	0	0	0	0	0	0	0	0
chr20_6015201_6015400	0	0	1	0	0	1	0	0	1
chr20_60461493_60461691	0	0	0	0	0	0	0	0	0
chr20_62734221_62734419	1	0	0	1	0	0	0	0	0
chr20_7027887_7028085	0	0	0	0	0	0	0	0	0
chr2_106925978_106926176	0	0	0	1	0	0	0	0	0
chr2_112105245_112105443	0	0	0	0	0	0	0	0	0
chr21_16469561_16469759	0	0	0	0	0	0	0	0	0
chr2_117657747_117657945	0	0	0	0	0	0	0	0	0
chr21_19306154_19306352	0	0	0	0	0	0	0	0	0
chr2_121251460_121251658	0	0	0	0	0	0	0	0	0
chr2_12143037_12143235	0	0	0	0	0	0	0	0	0
chr2_12458287_12458485	0	0	0	0	0	0	0	0	0
chr2_133290354_133290552	0	0	0	0	0	0	0	0	0
chr2_135876135_135876333	0	0	0	0	1	0	0	0	0
chr21_37241540_37241738	0	0	0	0	0	0	0	0	0
chr21_39222716_39222914	0	0	0	0	0	0	0	0	0
chr21_44736349_44736547	0	0	0	0	0	0	0	0	0
chr2_145352801_145353000	0	1	1	0	0	1	0	0	1
chr2_145353001_145353200	0	0	1	0	0	1	0	0	1
chr2_145624954_145625152	0	0	0	0	0	0	0	0	0
chr2_146393588_146393786	0	0	0	0	0	0	0	0	0
chr2_148946383_148946581	0	0	0	0	0	0	0	0	0
chr2_152431823_152432021	0	0	0	0	0	0	0	0	0
chr2_152991001_152991200	0	0	0	0	0	0	0	0	1
chr2_152991201_152991400	0	0	0	0	0	0	0	0	1
chr2_161575894_161576092	0	0	0	0	0	0	0	0	0
chr2_16260497_16260695	0	0	0	0	0	0	0	0	0
chr2_163760830_163761028	0	0	0	0	0	0	0	0	0
chr2_16614711_16614909	0	0	0	0	0	0	0	0	0
chr2_171265801_171266000	0	1	0	0	0	0	0	0	1
chr2_172406687_172406885	0	0	0	0	0	0	0	0	0
chr2_174075201_174075400	0	1	0	0	0	1	0	0	1
chr2_174075401_174075600	0	1	0	0	0	1	0	0	1
chr2_174075601_174075800	0	1	0	0	0	0	0	0	1
chr2_178029401_178029600	0	1	0	0	0	0	0	0	1
chr2_17892001_17892200	0	0	1	0	0	1	0	0	1
chr2_182783939_182784137	0	0	0	0	1	0	0	0	0
chr2_18669794_18669992	0	0	0	0	0	0	0	0	0
chr2_190371201_190371400	0	1	1	0	0	1	0	0	1
chr2_190371401_190371600	0	1	1	0	0	1	0	0	1
chr2_190371601_190371800	0	1	1	0	0	1	0	0	1
chr2_191521659_191521857	0	0	0	0	0	1	0	1	0
chr2_196478601_196478800	0	1	0	0	0	0	0	0	1
chr2_196478801_196479000	0	1	0	0	0	1	0	0	1
chr2_198470211_198470409	0	0	0	0	0	0	0	0	0
chr22_18116201_18116400	0	1	1	0	0	1	0	0	1
chr22_19683201_19683400	0	1	0	0	0	0	0	0	1
chr22_19683401_19683600	0	1	0	0	0	1	0	0	1
chr22_19793801_19794000	0	1	0	0	0	1	0	0	1
chr22_19794001_19794200	0	1	0	0	0	1	0	0	1
chr22_19794201_19794400	0	1	0	0	0	1	1	0	1
chr22_19803801_19804000	0	1	1	0	0	1	0	0	1
chr22_19804001_19804200	0	1	1	0	0	1	0	0	1
chr22_19804201_19804400	0	1	1	0	0	1	0	0	1
chr22_19982401_19982600	0	1	0	0	0	0	0	0	1
chr22_19982601_19982800	0	1	0	0	0	0	0	0	1
chr2_221063553_221063751	0	0	0	0	0	0	0	0	0
chr2_226139067_226139265	0	0	0	0	0	0	0	0	0
chr22_27407709_27407907	0	0	0	0	0	0	0	0	0
chr2_240030320_240030518	0	0	0	0	0	0	0	0	0
chr2_241108167_241108365	0	0	0	1	0	0	0	0	0
chr22_49800097_49800295	0	0	0	0	0	0	0	0	0
chr2_26980801_26981000	0	1	1	0	0	1	0	0	1
chr2_26981001_26981200	0	1	1	0	0	1	0	0	1
chr2_26981201_26981400	0	1	1	0	0	1	0	0	1
chr2_27229601_27229800	0	1	1	0	0	1	0	0	1
chr2_27229801_27230000	0	1	1	0	0	1	0	0	1
chr2_27357601_27357800	1	1	1	0	0	1	1	0	1
chr2_35237695_35237893	0	0	0	0	0	0	0	0	0
chr2_38702401_38702600	0	1	1	0	0	1	0	0	1
chr2_38702601_38702800	0	1	1	0	0	1	0	0	1
chr2_3889251_3889449	0	0	0	1	0	0	0	0	0
chr2_55343001_55343200	0	1	1	0	0	1	0	0	1
chr2_55343201_55343400	0	1	1	0	0	1	0	0	1
chr2_56992819_56993017	0	0	0	0	0	0	0	0	0
chr2_59518169_59518367	0	0	0	0	0	0	0	0	0
chr2_60701783_60701981	0	0	0	0	0	0	0	0	0
chr2_65522001_65522200	0	1	1	0	0	1	0	0	1
chr2_65813970_65814168	0	0	0	0	0	0	0	0	0
chr2_69828201_69828400	0	1	1	0	0	1	0	0	1
chr2_69828401_69828600	0	1	1	0	0	1	0	0	1
chr2_70331601_70331800	0	1	1	0	0	0	0	0	1
chr2_70331801_70332000	0	1	1	0	0	0	0	0	1
chr2_70332001_70332200	0	1	1	0	0	0	0	0	1
chr2_70944801_70945000	0	1	1	0	0	1	1	0	1
chr2_70945001_70945200	0	1	1	0	0	1	0	0	1
chr2_71027070_71027268	0	0	0	0	0	0	0	0	0
chr2_71865112_71865310	0	0	0	0	0	0	0	0	0
chr2_75045289_75045487	0	0	0	0	0	0	0	0	0
chr2_7635315_7635513	0	0	0	0	0	0	0	0	0
chr2_84272319_84272517	0	0	0	0	0	0	0	0	0
chr3_107004394_107004592	0	0	0	0	0	0	0	0	0
chr3_107821950_107822148	0	1	0	0	0	1	0	0	0
chr3_108041753_108041951	0	0	0	0	0	0	0	0	0
chr3_112040732_112040930	0	0	0	0	0	0	0	0	0
chr3_11250037_11250235	0	0	0	0	0	0	0	0	0
chr3_119137001_119137200	0	1	1	0	0	1	0	0	1
chr3_119137201_119137400	0	1	1	0	0	1	0	0	1
chr3_12702201_12702400	0	1	1	0	0	1	0	1	1
chr3_130568801_130569000	0	1	1	0	0	0	0	0	1
chr3_130569001_130569200	0	1	1	0	0	0	0	0	1
chr3_130569201_130569400	0	1	1	0	0	0	1	0	1
chr3_132918419_132918617	0	0	0	0	0	0	0	0	0
chr3_135303405_135303603	0	0	0	0	0	0	0	0	0
chr3_13546146_13546344	0	1	0	0	0	0	0	0	0
chr3_136296601_136296800	0	1	0	0	0	1	0	0	1
chr3_136296801_136297000	0	1	0	0	0	1	0	0	1
chr3_151175542_151175740	0	0	0	0	0	0	0	0	0
chr3_151953601_151953800	0	1	1	0	0	1	0	0	1
chr3_151953801_151954000	0	1	1	0	0	1	0	0	1
chr3_151954001_151954200	0	1	1	0	0	0	0	0	1
chr3_1639330_1639528	0	0	0	0	0	0	0	0	0
chr3_16538791_16538989	0	0	0	1	0	0	0	0	0
chr3_16577864_16578062	0	1	0	0	0	1	0	0	0
chr3_169468141_169468339	0	0	0	0	0	0	0	0	0
chr3_170074201_170074400	0	1	1	0	0	0	1	0	1
chr3_170074401_170074600	0	1	1	0	0	0	1	0	1
chr3_171847801_171848000	0	1	1	0	0	0	0	0	1
chr3_171848001_171848200	0	1	1	0	0	1	0	1	1
chr3_178366318_178366516	0	0	0	0	0	0	0	0	0
chr3_180586309_180586507	0	1	0	0	0	0	0	0	0
chr3_18126170_18126368	0	0	0	0	0	0	0	0	0
chr3_182433801_182434000	0	1	1	0	0	1	0	0	1
chr3_182434001_182434200	0	1	1	0	0	1	0	0	1
chr3_187240001_187240200	0	1	1	0	0	1	0	0	1
chr3_187240201_187240400	0	1	1	0	0	0	0	0	1
chr3_187882642_187882840	0	0	0	0	0	0	0	0	0
chr3_193405801_193406000	0	1	1	0	0	1	0	0	1
chr3_193406001_193406200	0	1	1	0	0	1	0	0	1
chr3_196705401_196705600	0	1	0	0	0	1	0	0	1
chr3_196705601_196705800	0	1	1	0	0	1	0	0	1
chr3_196705801_196706000	0	1	1	0	0	1	0	0	1
chr3_197222874_197223072	0	0	0	0	0	0	0	0	0
chr3_19971410_19971608	0	0	0	0	0	0	0	0	0
chr3_20946819_20947017	0	1	1	0	0	0	0	0	0
chr3_25006629_25006827	0	0	0	0	0	0	0	0	0
chr3_31398201_31398400	0	1	0	0	0	1	0	0	1
chr3_31398401_31398600	0	1	0	0	0	1	0	0	1
chr3_31398601_31398800	0	1	0	0	0	1	0	0	1
chr3_35291467_35291665	0	0	0	0	0	0	0	0	0
chr3_39680601_39680800	0	0	1	0	0	1	0	0	1
chr3_39680801_39681000	0	1	1	0	0	1	0	0	1
chr3_39681001_39681200	0	1	1	0	0	1	0	0	1
chr3_45311401_45311600	0	1	1	0	0	1	0	0	1
chr3_45311601_45311800	0	1	1	0	0	1	0	0	1
chr3_46599601_46599800	0	1	1	0	0	1	0	0	1
chr3_46599801_46600000	0	1	1	0	0	1	0	0	1
chr3_46600001_46600200	0	1	1	0	0	1	1	0	1
chr3_48058001_48058200	0	1	1	0	0	1	0	1	1
chr3_48058201_48058400	0	1	1	0	0	1	0	1	1
chr3_5230999_5231197	0	1	1	0	0	1	1	1	0
chr3_56847311_56847509	0	0	0	0	0	0	0	0	0
chr3_5961800_5961998	0	0	0	0	0	0	0	0	0
chr3_67062201_67062400	0	1	1	0	0	1	0	0	1
chr3_67062401_67062600	0	1	1	0	0	1	0	0	1
chr3_71381135_71381333	0	0	0	0	0	0	0	0	0
chr3_71490501_71490699	0	0	0	0	0	0	0	0	0
chr3_97629801_97630000	0	1	1	0	0	1	0	0	1
chr3_97630001_97630200	0	1	0	0	0	1	0	0	1
chr4_104642619_104642817	0	0	0	0	0	0	0	0	0
chr4_112029505_112029703	0	0	0	0	0	0	0	0	0
chr4_116026513_116026711	0	0	0	0	0	0	0	0	0
chr4_119233339_119233537	0	0	0	0	0	0	0	0	0
chr4_123671001_123671200	0	0	1	0	0	1	0	0	1
chr4_126476233_126476431	0	0	0	0	0	0	0	0	0
chr4_130792385_130792583	0	0	0	0	0	0	0	0	0
chr4_140572601_140572800	0	1	0	0	0	1	0	0	1
chr4_140572801_140573000	0	1	0	0	0	1	0	0	1
chr4_140573001_140573200	0	1	0	0	0	0	0	0	1
chr4_142743867_142744065	0	0	0	0	0	0	0	0	0
chr4_144240368_144240566	0	0	0	0	0	0	0	0	0
chr4_151242201_151242400	0	1	1	0	0	1	0	0	1
chr4_151242401_151242600	0	1	1	0	0	1	0	0	1
chr4_151242601_151242800	0	1	0	0	0	1	0	0	1
chr4_160128182_160128380	0	0	0	0	0	0	0	0	0
chr4_161108920_161109118	0	0	0	0	0	0	0	0	0
chr4_161477459_161477657	0	0	0	0	0	0	0	0	0
chr4_171852409_171852607	0	0	0	0	0	0	0	0	0
chr4_172082567_172082765	0	0	0	0	0	0	0	0	0
chr4_173286194_173286392	0	0	0	0	0	0	0	0	0
chr4_174185801_174186000	0	1	0	0	0	1	0	0	1
chr4_174186001_174186200	0	1	0	0	0	1	0	1	1
chr4_180688052_180688250	0	0	0	0	0	0	0	0	0
chr4_187404340_187404538	0	0	0	0	0	0	0	0	0
chr4_187459001_187459200	0	1	1	0	0	1	0	0	1
chr4_187459201_187459400	0	1	1	0	0	0	1	0	1
chr4_187459401_187459600	0	1	1	0	0	1	1	0	1
chr4_22085181_22085379	0	0	0	0	0	0	0	0	0
chr4_26274954_26275152	0	0	0	1	0	0	0	0	0
chr4_34014262_34014460	0	0	0	0	0	0	0	0	0
chr4_36097077_36097275	0	0	0	0	0	0	0	0	0
chr4_58453058_58453256	0	0	0	0	0	0	0	0	0
chr4_68416984_68417182	0	0	0	0	0	0	0	0	0
chr4_70434016_70434214	0	0	0	0	0	0	0	0	0
chr4_77521477_77521675	0	0	0	0	0	0	0	0	0
chr4_80132601_80132800	0	1	1	0	0	0	1	1	1
chr4_80132801_80133000	0	1	1	0	0	0	1	1	1
chr4_82729401_82729600	0	1	1	0	0	1	0	0	1
chr5_102234016_102234214	0	0	0	0	0	0	0	0	0
chr5_10602001_10602200	0	1	1	0	0	1	1	0	1
chr5_10602201_10602400	0	1	1	0	0	1	0	0	1
chr5_10607001_10607200	0	0	0	0	0	1	0	0	1
chr5_10607201_10607400	0	1	1	0	0	1	0	0	1
chr5_10607401_10607600	0	1	1	0	0	1	0	0	1
chr5_110417216_110417414	0	0	0	0	0	0	0	0	0
chr5_116720181_116720379	0	0	0	0	0	0	0	0	0
chr5_121485401_121485600	0	1	0	0	0	0	0	0	1
chr5_121485601_121485800	0	1	0	0	0	0	0	0	1
chr5_123857726_123857924	0	0	0	0	0	0	0	0	0
chr5_12615201_12615400	0	1	1	0	0	1	0	0	1
chr5_12615401_12615600	0	1	1	0	0	0	0	0	1
chr5_13155978_13156176	0	0	0	0	0	0	0	0	0
chr5_131824736_131824934	0	1	0	0	0	0	0	0	0
chr5_133561910_133562108	1	1	1	0	0	0	1	0	0
chr5_139079601_139079800	0	1	1	0	0	1	0	0	1
chr5_139079801_139080000	0	1	1	0	0	0	0	0	1
chr5_139080001_139080200	0	1	1	0	0	1	0	0	1
chr5_139934001_139934200	0	0	1	0	0	1	0	1	1
chr5_139934201_139934400	0	0	1	0	0	1	0	1	1
chr5_139934401_139934600	0	0	1	0	0	1	0	1	1
chr5_143427560_143427758	0	0	0	0	0	0	0	0	0
chr5_145061001_145061200	0	1	0	0	0	0	0	0	1
chr5_145061201_145061400	0	1	0	0	0	1	0	0	1
chr5_145061401_145061600	0	1	0	0	0	1	0	0	1
chr5_148150205_148150403	0	0	0	0	0	0	0	0	0
chr5_148540811_148541009	0	0	0	0	0	0	0	0	0
chr5_158873170_158873368	0	0	0	0	0	0	0	0	0
chr5_169176822_169177020	0	0	0	0	0	0	0	0	0
chr5_170485742_170485940	0	0	0	0	0	0	0	0	0
chr5_1783714_1783912	0	0	0	0	0	0	0	0	0
chr5_179980401_179980600	0	0	1	0	0	0	0	0	1
chr5_179980601_179980800	0	0	1	0	0	0	0	0	1
chr5_180218107_180218305	0	0	0	0	0	0	0	0	0
chr5_22811661_22811859	0	0	0	0	0	0	0	0	0
chr5_26037737_26037935	0	0	0	0	0	0	0	0	0
chr5_53009946_53010144	0	0	0	0	0	0	0	0	0
chr5_53210723_53210921	0	0	0	0	0	1	0	0	0
chr5_54387733_54387931	0	0	0	0	0	0	0	0	0
chr5_54645545_54645743	0	0	0	0	0	0	0	0	0
chr5_54651357_54651555	0	0	0	0	0	0	0	0	0
chr5_64062144_64062342	0	0	0	0	0	1	0	1	0
chr5_68514001_68514200	1	1	1	0	0	0	1	1	1
chr5_7120276_7120474	0	0	0	0	0	0	0	0	0
chr5_71561876_71562074	0	0	0	0	1	0	0	0	0
chr5_7307933_7308131	0	0	0	0	0	0	0	0	0
chr5_74965001_74965200	0	1	1	0	0	1	0	0	1
chr5_74965201_74965400	0	1	1	0	0	1	0	0	1
chr5_77955601_77955800	0	1	1	0	0	1	0	0	1
chr5_81147601_81147800	0	1	1	0	0	0	1	0	1
chr5_81147801_81148000	0	1	1	0	0	0	1	0	1
chr5_8605896_8606094	0	0	0	0	0	0	0	0	0
chr5_89705801_89706000	1	1	1	0	0	0	1	1	1
chr5_89706001_89706200	0	1	1	0	0	0	1	1	1
chr5_94983801_94984000	0	0	1	0	0	0	0	1	1
chr6_103931657_103931855	0	0	0	0	0	0	0	0	0
chr6_109668993_109669191	0	0	0	0	0	0	0	0	0
chr6_111467205_111467403	0	0	0	0	0	0	0	0	0
chr6_113801381_113801579	0	0	0	0	0	0	0	0	0
chr6_121317711_121317909	0	0	0	0	0	0	0	0	0
chr6_128507813_128508011	0	0	0	0	0	0	0	0	0
chr6_129469498_129469696	0	0	0	0	0	0	0	0	0
chr6_141459982_141460180	0	0	0	0	0	0	0	0	0
chr6_149964157_149964355	0	0	0	0	0	0	0	1	0
chr6_151487068_151487266	0	0	0	0	0	0	0	0	0
chr6_154442173_154442371	0	0	0	0	0	0	0	0	0
chr6_167089409_167089607	0	0	0	0	0	0	0	0	0
chr6_170796652_170796850	0	0	0	0	0	0	0	0	0
chr6_34038109_34038307	0	1	0	0	0	0	0	0	0
chr6_42305319_42305517	0	1	0	0	0	0	0	0	0
chr6_51378797_51378995	0	0	0	0	0	0	0	0	0
chr6_55282579_55282777	0	0	0	0	0	0	0	0	0
chr6_73556121_73556319	0	0	0	0	0	0	0	0	0
chr6_93570316_93570514	0	0	0	0	0	0	0	0	0
chr7_100978858_100979056	0	0	0	0	0	0	0	0	0
chr7_101605282_101605480	0	0	0	0	0	0	0	0	0
chr7_105242446_105242644	0	0	0	0	0	0	0	0	0
chr7_105373434_105373632	0	0	0	0	0	0	0	0	0
chr7_112213801_112214000	0	1	0	0	0	1	0	0	1
chr7_112214001_112214200	0	1	0	0	0	1	0	0	1
chr7_112782401_112782600	0	1	1	0	0	1	0	0	1
chr7_112782601_112782800	0	1	1	0	0	1	0	0	1
chr7_117921466_117921664	0	0	0	0	0	0	0	0	0
chr7_12496260_12496458	0	0	0	0	0	0	0	0	0
chr7_127462801_127463000	0	0	1	0	0	1	0	0	1
chr7_127463001_127463200	0	1	1	0	0	1	0	0	1
chr7_127463201_127463400	0	1	1	0	0	1	0	0	1
chr7_127982801_127983000	0	1	1	0	0	0	1	1	1
chr7_127983001_127983200	0	1	1	0	0	0	1	1	1
chr7_128424070_128424268	0	0	0	0	0	1	0	0	0
chr7_132738333_132738531	0	0	0	0	0	0	0	0	0
chr7_134133201_134133400	0	1	1	0	0	1	0	0	1
chr7_134133401_134133600	0	1	1	0	0	1	0	0	1
chr7_134133601_134133800	0	1	1	0	0	1	0	0	1
chr7_135628201_135628400	0	0	1	0	0	1	0	1	1
chr7_135628401_135628600	0	0	1	0	0	0	0	1	1
chr7_138112541_138112739	0	1	0	0	0	0	0	0	0
chr7_142536201_142536400	0	1	1	0	0	1	0	0	1
chr7_142536401_142536600	0	1	1	0	0	1	0	0	1
chr7_150018001_150018200	0	1	1	0	0	1	0	0	1
chr7_150018201_150018400	0	1	1	0	0	1	0	0	1
chr7_151092601_151092800	0	1	0	0	0	1	0	0	1
chr7_152408201_152408400	0	1	0	0	0	0	0	0	1
chr7_152408401_152408600	0	1	0	0	0	1	0	0	1
chr7_152456401_152456600	0	1	1	0	0	0	1	0	1
chr7_152456601_152456800	1	1	1	0	0	0	1	0	1
chr7_174740_174938	0	0	0	0	0	0	0	0	0
chr7_2537344_2537542	0	0	0	0	0	0	0	0	0
chr7_26728801_26729000	0	1	0	0	0	1	0	0	1
chr7_26729001_26729200	0	1	0	0	0	1	0	0	1
chr7_26889801_26890000	0	1	1	0	0	1	0	0	1
chr7_26890001_26890200	0	1	1	0	0	1	0	0	1
chr7_26890201_26890400	0	1	0	0	0	0	0	0	1
chr7_29050845_29051043	0	0	0	0	0	0	0	0	0
chr7_29789201_29789400	0	1	1	0	0	1	0	0	1
chr7_29789401_29789600	0	1	1	0	0	0	0	0	1
chr7_29789601_29789800	0	1	0	0	0	0	0	0	1
chr7_38013601_38013800	0	1	1	0	0	1	0	0	1
chr7_38013801_38014000	0	1	1	0	0	1	0	0	1
chr7_43074201_43074400	0	1	1	0	0	1	0	0	1
chr7_43774001_43774200	0	1	1	0	0	0	0	0	1
chr7_43774201_43774400	0	1	1	0	0	0	0	0	1
chr7_43774401_43774600	0	1	1	0	0	0	0	0	1
chr7_57288890_57289088	0	0	0	0	0	0	0	0	0
chr7_64462801_64463000	0	1	1	0	0	1	0	0	1
chr7_64463001_64463200	0	1	1	0	0	1	0	0	1
chr7_64463201_64463400	0	0	1	0	0	1	0	1	1
chr7_65122656_65122854	0	0	0	0	0	0	0	0	0
chr7_67092507_67092705	0	0	0	0	0	0	0	0	0
chr7_7360860_7361058	0	0	0	0	0	0	0	0	0
chr7_79368669_79368867	0	0	0	0	0	0	0	0	0
chr7_98882758_98882956	0	0	0	1	0	0	0	0	0
chr7_99404601_99404800	0	1	1	0	0	1	0	0	1
chr8_101174943_101175141	0	0	0	0	0	0	0	0	0
chr8_101420803_101421001	0	0	0	0	0	0	0	0	0
chr8_101964401_101964600	1	1	1	0	0	0	1	1	1
chr8_101964601_101964800	1	1	1	0	0	0	1	1	1
chr8_101994601_101994800	0	1	1	0	0	1	0	0	1
chr8_103754801_103755000	0	1	1	0	0	1	0	0	1
chr8_103755001_103755200	0	1	1	0	0	1	0	0	1
chr8_103755201_103755400	0	1	1	0	0	1	0	0	1
chr8_106377001_106377200	0	1	1	0	0	1	0	1	1
chr8_106377201_106377400	0	1	1	0	0	1	0	1	1
chr8_106377401_106377600	0	1	1	0	0	1	0	1	1
chr8_111865769_111865967	0	0	0	0	0	0	0	0	0
chr8_113582811_113583009	0	0	0	0	0	0	0	0	0
chr8_115203303_115203501	0	0	0	0	0	0	0	0	0
chr8_117714314_117714512	0	0	0	0	1	0	0	1	0
chr8_124642401_124642600	0	0	1	0	0	1	0	0	1
chr8_124642601_124642800	0	1	1	0	0	1	0	0	1
chr8_124642801_124643000	0	1	1	0	0	1	0	0	1
chr8_128772801_128773000	0	1	1	0	0	1	0	0	1
chr8_128773001_128773200	0	1	1	0	0	1	0	0	1
chr8_128773201_128773400	0	1	0	0	0	1	0	0	1
chr8_130784278_130784476	0	0	0	0	0	0	0	0	0
chr8_131545653_131545851	0	0	0	0	0	0	0	0	0
chr8_132065157_132065355	0	0	0	0	0	0	0	0	0
chr8_143540384_143540582	0	0	0	0	0	0	0	0	0
chr8_143909945_143910143	0	0	0	0	0	0	0	0	0
chr8_144478175_144478373	0	0	0	0	0	0	0	0	0
chr8_146012001_146012200	1	1	1	0	0	0	1	0	1
chr8_17105001_17105200	0	1	1	0	0	0	1	1	1
chr8_17105201_17105400	0	1	1	0	0	0	1	1	1
chr8_20013493_20013691	0	0	0	0	0	0	0	0	0
chr8_20058201_20058400	0	0	0	0	0	1	0	1	1
chr8_20058401_20058600	0	0	0	0	0	1	0	1	1
chr8_20058601_20058800	0	0	1	0	0	1	0	1	1
chr8_31496102_31496300	0	0	0	0	0	0	0	0	0
chr8_37763201_37763400	0	1	0	0	0	1	0	0	1
chr8_37763401_37763600	0	1	0	0	0	1	0	0	1
chr8_37763601_37763800	0	1	0	0	0	1	0	0	1
chr8_42979401_42979600	0	0	0	0	0	0	0	0	1
chr8_42979601_42979800	0	1	0	0	1	0	0	0	1
chr8_42979801_42980000	0	1	1	0	1	0	0	0	1
chr8_61428801_61429000	0	1	1	0	0	0	1	0	1
chr8_61429001_61429200	1	1	1	0	0	0	1	0	1
chr8_61429201_61429400	1	1	1	0	0	0	1	0	1
chr8_62602305_62602503	0	1	1	0	0	1	0	1	0
chr8_66006340_66006538	0	0	0	0	0	0	0	0	0
chr8_76320421_76320619	0	0	0	0	0	0	0	0	0
chr8_77971911_77972109	0	0	0	0	0	0	0	0	0
chr8_85449891_85450089	0	0	0	0	0	0	0	0	0
chr8_96080001_96080200	0	1	1	0	0	1	0	0	1
chr8_97769247_97769445	0	0	0	0	0	0	0	0	0
chr8_98787401_98787600	0	1	1	0	0	0	1	0	1
chr8_98787601_98787800	0	1	1	0	0	0	1	0	1
chr8_98787801_98788000	1	1	1	0	0	0	1	0	1
chr9_10066530_10066728	0	0	0	0	0	0	0	0	0
chr9_102907401_102907600	0	1	0	0	0	0	0	0	1
chr9_102907601_102907800	0	1	0	0	0	0	0	0	1
chr9_102907801_102908000	0	1	0	0	0	0	0	0	1
chr9_110038428_110038626	0	0	0	0	0	0	0	0	0
chr9_110556601_110556800	0	1	0	0	0	1	0	0	1
chr9_110556801_110557000	0	1	0	0	0	1	0	0	1
chr9_111885201_111885400	0	1	1	0	0	1	0	0	1
chr9_111885401_111885600	0	1	1	0	0	1	0	0	1
chr9_114742601_114742800	0	1	0	0	0	1	0	0	1
chr9_114742801_114743000	0	1	0	0	0	1	0	0	1
chr9_114743001_114743200	0	1	0	0	0	1	0	0	1
chr9_126964801_126965000	0	1	1	0	0	1	0	0	1
chr9_126965001_126965200	0	1	1	0	0	1	0	0	1
chr9_130764001_130764200	0	1	1	0	0	1	0	0	1
chr9_130764201_130764400	0	1	1	0	0	0	0	0	1
chr9_130829801_130830000	1	1	1	0	0	0	1	0	1
chr9_138999001_138999200	0	1	1	0	0	1	0	0	1
chr9_138999201_138999400	0	1	1	0	0	1	0	0	1
chr9_138999401_138999600	0	1	1	0	0	1	0	0	1
chr9_139098601_139098800	0	1	1	0	0	1	0	0	1
chr9_139098801_139099000	0	1	1	0	0	1	0	0	1
chrX_102379201_102379400	0	1	0	0	0	1	0	0	1
chrX_102379401_102379600	0	1	0	0	0	0	0	0	1
chrX_102379601_102379800	0	1	0	0	0	0	0	0	1
chrX_102407201_102407400	0	1	0	0	0	1	0	0	1
chrX_102407401_102407600	0	1	0	0	0	0	0	0	1
chrX_102407601_102407800	0	0	0	0	0	0	0	0	1
chrX_122937401_122937600	0	1	1	0	0	1	0	0	1
chrX_134656201_134656400	0	1	1	0	0	0	1	1	1
chrX_134656401_134656600	0	1	1	0	0	0	0	1	1
chrX_154447001_154447200	0	1	0	0	0	1	0	1	1
chrX_154447201_154447400	0	1	0	0	0	1	0	1	1
chrX_154447401_154447600	0	0	0	0	0	1	0	1	1
chrX_31890001_31890200	0	1	0	0	0	0	0	0	1
chrX_31890201_31890400	0	1	0	0	0	0	0	0	1
chrX_31890401_31890600	0	1	0	0	0	0	0	0	1
chrX_48652801_48653000	0	1	1	0	0	1	0	0	1
chrX_48653001_48653200	0	1	1	0	0	1	0	0	1
chrX_49023601_49023800	0	1	1	0	0	1	1	0	1
chrX_49023801_49024000	0	1	1	0	0	1	1	0	1
chrX_56589801_56590000	1	1	1	0	0	0	1	0	1
chrX_56590001_56590200	1	1	1	0	0	0	1	1	1
